Date, Close/Last, Volume, Open, High, Low
06/01/2020, 31.4467, 9146, 31.1, 31.64, 31.1
05/29/2020, 31.0423, 17058, 31.4, 31.4, 30.89
05/28/2020, 31.2435, 13624, 31.1, 31.2684, 31.065
05/27/2020, 31.02, 15895, 31.12, 31.16, 30.465
05/26/2020, 30.5672, 18665, 30.35, 30.8, 30.35
05/22/2020, 29.66, 27079, 29.491, 29.67, 29.35
05/21/2020, 29.3876, 12932, 29.42, 29.6299, 29.24
05/20/2020, 29.34, 18919, 29.16, 29.34, 29.085
05/19/2020, 28.72, 62531, 29.08, 29.23, 28.72
05/18/2020, 29.26, 29661, 28.69, 29.42, 28.69
05/15/2020, 27.7146, 38064, 27.39, 27.7146, 27.31
05/14/2020, 27.562, 31141, 27.42, 27.57, 26.5
05/13/2020, 27.5621, 28768, 28.169, 28.169, 27.5211
05/12/2020, 28.4815, 29997, 29.86, 29.86, 28.4815
05/11/2020, 30.103, 20656, 29.98, 30.497, 29.72
05/08/2020, 30.325, 25609, 29.725, 30.38, 29.725
05/07/2020, 29.1664, 82625, 29.3, 29.5079, 29.115
05/06/2020, 28.8585, 14666, 29.29, 29.29, 28.8585
05/05/2020, 28.94, 13359, 29.15, 29.38, 28.91
05/04/2020, 28.7791, 10435, 28.59, 28.82, 28.2398
05/01/2020, 28.9759, 14184, 29.35, 29.47, 28.8149
04/30/2020, 30.12, 25867, 30.75, 30.75, 29.52
04/29/2020, 30.7748, 21825, 31.12, 31.3403, 30.7748
04/28/2020, 30.6362, 31410, 31.11, 31.2718, 30.61
04/27/2020, 30.3622, 9209, 29.42, 30.41, 29.42
04/24/2020, 29.1923, 10327, 29.12, 29.39, 28.765
04/23/2020, 28.9004, 7083, 29.37, 29.65, 28.9004
04/22/2020, 29.3801, 16772, 29.459, 29.54, 29.18
04/21/2020, 28.98, 19386, 28.6, 29.24, 28.5481
04/20/2020, 29.4765, 26500, 29.51, 29.82, 29.415
04/17/2020, 30.1942, 14498, 30.136, 30.37, 29.86
04/16/2020, 29.3731, 15762, 29.5, 29.54, 29
04/15/2020, 29.2524, 23041, 29.87, 29.87, 29.1
04/14/2020, 30.7298, 18258, 30.73, 31.06, 30.5808
04/13/2020, 29.8849, 25261, 31.08, 31.1, 29.857
04/09/2020, 31.3449, 16369, 30, 31.3449, 30
04/08/2020, 29.3379, 14295, 28.58, 29.4359, 28.5
04/07/2020, 28.317, 34326, 29.08, 29.66, 28.29
04/06/2020, 28.22, 12008, 27.56, 28.3, 27.56
04/03/2020, 26.42, 10894, 26.64, 26.9106, 25.89
04/02/2020, 26.89, 23482, 26.64, 27.2436, 26.39
04/01/2020, 26.6982, 13832, 27.36, 27.36, 25.92
03/31/2020, 28.53, 10873, 28.5881, 28.69, 27.6355
03/30/2020, 29.09, 37134, 27.82, 29.1245, 27.66
03/27/2020, 28.121, 17227, 27.99, 28.87, 26.63
03/26/2020, 27.6003, 33120, 26.15, 27.6003, 26.02
03/25/2020, 25.9046, 32802, 25.24, 26.99, 25
03/24/2020, 25.23, 16559, 24.2, 25.23, 23.9679
03/23/2020, 23.2489, 35487, 24.01, 24.01, 22.5
03/20/2020, 24.0361, 137690, 24.9102, 25.3484, 23.7792
03/19/2020, 24.7111, 32590, 24.5617, 25.2985, 24.2232
03/18/2020, 25.0197, 34206, 24.5717, 25.3881, 23.9644
03/17/2020, 26.0452, 30301, 24.3128, 26.6085, 23.9046
03/16/2020, 23.6657, 22517, 26.5629, 27.6282, 23.6657
03/13/2020, 29.4004, 24791, 27.8274, 29.4004, 26.6326
03/12/2020, 26.4392, 33391, 26.5928, 27.3893, 25.4877
03/11/2020, 28.837, 28410, 30.396, 30.396, 28.5442
03/10/2020, 31.0631, 30927, 31.1328, 31.1328, 29.4502
03/09/2020, 30.0793, 37998, 31.0531, 31.2523, 29.8783
03/06/2020, 33.0543, 24271, 32.9747, 33.1638, 31.8831
03/05/2020, 33.801, 22004, 33.9404, 34.2237, 33.3978
03/04/2020, 34.7325, 22879, 33.9603, 34.7656, 33.8787
03/03/2020, 33.2833, 158887, 33.3231, 34.1266, 33.0045
03/02/2020, 33.2335, 48663, 32.0089, 33.2335, 31.6804
02/28/2020, 31.9193, 68463, 31.8397, 32.0089, 30.8042
02/27/2020, 32.8035, 20611, 34.3387, 34.3387, 32.7955
02/26/2020, 34.5456, 18083, 34.7867, 35.2148, 34.5378
02/25/2020, 34.7639, 66987, 36.0511, 36.0511, 34.658
02/24/2020, 35.9564, 48799, 36.1606, 36.38, 35.8918
02/21/2020, 36.748, 29309, 36.7879, 36.8954, 36.6953
02/20/2020, 36.8164, 24950, 36.4792, 36.8164, 36.3398
02/19/2020, 36.4315, 23686, 36.8376, 36.8376, 36.4131
02/18/2020, 36.7281, 38147, 36.6385, 36.7281, 36.4494
02/14/2020, 36.5489, 18878, 36.2204, 36.5489, 36.1308
02/13/2020, 36.0473, 24630, 35.8819, 36.1407, 35.8819
02/12/2020, 35.8789, 32550, 35.7325, 35.9804, 35.5732
02/11/2020, 35.6868, 24677, 35.4338, 35.7524, 35.4338
02/10/2020, 35.3899, 27882, 35.0555, 35.3899, 35.0555
02/07/2020, 34.9855, 13407, 34.9759, 35.1451, 34.9111
02/06/2020, 35.0655, 29817, 35.0953, 35.165, 34.9858
02/05/2020, 34.936, 13281, 35.2248, 35.2248, 34.8534
02/04/2020, 34.9759, 10126, 34.8663, 35.081, 34.6043
02/03/2020, 34.5629, 15062, 34.7269, 34.8315, 34.5481
01/31/2020, 34.5472, 21176, 35.0555, 35.0555, 34.5134
01/30/2020, 35.3035, 19454, 35.2745, 35.4737, 35.1451
01/29/2020, 35.3059, 9829, 35.2944, 35.3741, 35.0664
01/28/2020, 35.1498, 8321, 34.95, 35.1948, 34.95
01/27/2020, 34.8321, 12301, 34.7369, 34.9686, 34.719
01/24/2020, 34.9013, 11619, 34.936, 34.9958, 34.8066
01/23/2020, 34.8481, 9448, 34.5278, 34.8772, 34.3488
01/22/2020, 34.4531, 14030, 35.0754, 35.0754, 34.3825
01/21/2020, 34.8325, 16928, 34.5676, 34.8464, 34.491
01/17/2020, 34.4916, 18391, 34.2988, 34.6149, 34.2988
01/16/2020, 34.3334, 13210, 34.0798, 34.3521, 34.0798
01/15/2020, 33.9964, 14413, 33.7114, 34.1245, 33.7114
01/14/2020, 33.641, 8237, 33.9504, 33.9504, 33.5571
01/13/2020, 33.8991, 13909, 33.4127, 33.8991, 33.4127
01/10/2020, 33.2954, 74227, 33.0344, 33.3351, 33.0344
01/09/2020, 33.0227, 56669, 33.3331, 33.3331, 32.9946
01/08/2020, 33.0454, 91939, 32.9448, 33.1041, 32.8462
01/07/2020, 32.9498, 14304, 33.2634, 33.2634, 32.8452
01/06/2020, 33.2355, 8602, 33.2136, 33.4575, 33.1638
01/03/2020, 33.2805, 16335, 32.7755, 33.3198, 32.7178
01/02/2020, 32.8279, 30288, 33.8508, 33.8508, 32.6068
12/31/2019, 33.1638, 9772, 32.9946, 33.2833, 32.9946
12/30/2019, 32.9747, 15333, 32.9448, 32.9946, 32.8551
12/27/2019, 32.9283, 4069, 32.9299, 32.9647, 32.8615
12/26/2019, 32.8184, 6880, 32.7943, 32.9448, 32.7556
12/24/2019, 32.7109, 49027, 32.6461, 32.7755, 32.5467
12/23/2019, 32.5823, 72527, 32.8294, 32.8294, 32.573
12/20/2019, 32.7044, 12720, 32.6519, 32.8196, 32.6007
12/19/2019, 32.573, 6918, 32.531, 32.5897, 32.494
12/18/2019, 32.5523, 13903, 32.4447, 32.6078, 32.3954
12/17/2019, 32.3405, 6424, 32.642, 32.642, 32.3405
12/16/2019, 32.6433, 24685, 32.6981, 32.6981, 32.3583
12/13/2019, 32.5772, 24336, 32.6913, 32.6913, 32.2277
12/12/2019, 32.6916, 14746, 33.0859, 33.2635, 32.573
12/11/2019, 33.0808, 17628, 33.6137, 33.6137, 33.0366
12/10/2019, 33.6064, 17085, 33.8208, 33.8948, 33.5721
12/09/2019, 33.7143, 33858, 33.8455, 33.8455, 33.589
12/06/2019, 33.745, 6714, 33.8014, 33.954, 33.7121
12/05/2019, 33.7244, 33819, 33.7567, 33.7962, 33.6136
12/04/2019, 33.7658, 15784, 33.8948, 33.954, 33.7468
12/03/2019, 33.8005, 9105, 33.7525, 33.8179, 33.7139
12/02/2019, 33.5382, 9437, 34.467, 34.467, 33.5382
11/29/2019, 33.9223, 3673, 34.2401, 34.2401, 33.9223
11/27/2019, 34.1051, 15303, 33.9836, 34.1217, 33.8554
11/26/2019, 33.9398, 9538, 33.6383, 33.9639, 33.5397
11/25/2019, 33.4805, 21794, 33.3917, 33.6185, 33.3917
11/22/2019, 33.3264, 43405, 33.4805, 33.4805, 33.1412
11/21/2019, 33.4904, 8208, 33.8455, 33.8455, 33.4608
11/20/2019, 33.8411, 17111, 33.8751, 33.9047, 33.6643
11/19/2019, 33.7956, 20913, 33.6877, 33.8554, 33.5693
11/18/2019, 33.5382, 12520, 33.5791, 33.6975, 33.4879
11/15/2019, 33.4941, 14013, 33.5496, 33.5791, 33.4312
11/14/2019, 33.3806, 13060, 33.1944, 33.3819, 33.1944
11/13/2019, 33.0757, 5891, 32.8689, 33.0958, 32.8689
11/12/2019, 32.772, 8498, 32.8985, 33.2043, 32.772
11/11/2019, 32.9077, 11127, 32.9281, 33.0113, 32.7407
11/08/2019, 32.8844, 7234, 32.8689, 33.0859, 32.8689
11/07/2019, 32.9969, 11212, 33.0859, 33.1157, 32.9005
11/06/2019, 32.9873, 10286, 32.7505, 33.0464, 32.7505
11/05/2019, 32.7702, 26365, 33.4114, 33.4114, 32.6864
11/04/2019, 33.401, 17198, 33.5298, 33.5298, 33.2488
11/01/2019, 33.3994, 15352, 33.6679, 33.6679, 33.224
10/31/2019, 33.4813, 16447, 33.5002, 33.6679, 33.4795
10/30/2019, 33.348, 28196, 33.1254, 33.3523, 33.0514
10/29/2019, 33.0465, 30706, 32.9379, 33.2428, 32.9379
10/28/2019, 32.9435, 13171, 33.0267, 33.1343, 32.9066
10/25/2019, 32.5732, 4335, 32.8196, 32.8196, 32.5434
10/24/2019, 32.7321, 6807, 32.6617, 32.79, 32.6617
10/23/2019, 32.5173, 11829, 32.2573, 32.5231, 32.2573
10/22/2019, 32.4201, 23857, 32.7111, 32.7111, 32.4177
10/21/2019, 32.5631, 9883, 32.3066, 32.5631, 32.3066
10/18/2019, 32.3009, 8166, 32.3066, 32.3263, 32.1558
10/17/2019, 32.217, 17206, 32.2376, 32.3066, 32.1766
10/16/2019, 32.0515, 3907, 32.0995, 32.0995, 31.8647
10/15/2019, 32.0995, 8054, 32.041, 32.1093, 31.8479
10/14/2019, 31.8824, 5743, 31.9712, 31.9712, 31.7345
10/11/2019, 31.8927, 3302, 31.9712, 32.0531, 31.889
10/10/2019, 31.7548, 4896, 31.832, 31.8627, 31.7351
10/09/2019, 31.9215, 4904, 32.208, 32.208, 31.912
10/08/2019, 31.9861, 4607, 32.06, 32.1784, 31.7443
10/07/2019, 32.0985, 13086, 32.0896, 32.2672, 32.0491
10/04/2019, 32.1206, 8243, 32.1604, 32.1685, 32.0624
10/03/2019, 31.9902, 2296, 31.7635, 32.1192, 31.7635
10/02/2019, 31.7273, 6124, 31.5569, 31.7273, 31.4977
10/01/2019, 31.6138, 8593, 31.9811, 31.9811, 31.3201
09/30/2019, 31.9744, 15411, 31.9712, 32.1132, 31.93
09/27/2019, 31.9821, 7139, 32.3066, 32.3066, 31.8389
09/26/2019, 32.136, 5181, 31.9318, 32.1488, 31.877
09/25/2019, 31.8002, 7046, 31.5865, 31.842, 31.5865
09/24/2019, 31.6534, 11653, 32.0896, 32.0896, 31.5766
09/23/2019, 31.9332, 9819, 31.785, 32.0796, 31.785
09/20/2019, 31.8289, 3168, 32.0011, 32.0403, 31.8145
09/19/2019, 31.9359, 12257, 31.8864, 32.0197, 31.8864
09/18/2019, 31.7522, 12704, 31.8145, 31.8165, 31.5297
09/17/2019, 31.9511, 6796, 31.952, 31.952, 31.8341
09/16/2019, 31.663, 4576, 31.4306, 31.677, 31.4306
09/13/2019, 31.309, 7918, 31.5395, 31.6574, 31.2189
09/12/2019, 31.3297, 12202, 31.1762, 31.3716, 31.1762
09/11/2019, 31.0237, 22925, 30.8522, 31.0584, 30.7161
09/10/2019, 30.913, 19774, 31.3628, 31.3628, 30.7638
09/09/2019, 31.3152, 104911, 31.353, 31.3628, 31.181
09/06/2019, 31.2597, 5789, 31.4119, 31.4119, 31.1487
09/05/2019, 31.4556, 17985, 31.4765, 31.7065, 31.4217
09/04/2019, 31.7163, 29381, 31.8144, 31.952, 31.6672
09/03/2019, 31.6199, 5525, 31.4699, 31.7261, 31.4699
08/30/2019, 31.4217, 6450, 31.569, 31.569, 31.3667
08/29/2019, 31.6299, 3937, 31.6083, 31.7477, 31.6004
08/28/2019, 31.4091, 13629, 31.2253, 31.4314, 31.1805
08/27/2019, 31.215, 7192, 31.5395, 31.5582, 31.215
08/26/2019, 31.4199, 7744, 31.2744, 31.4302, 31.2057
08/23/2019, 31.1257, 13517, 31.8439, 31.9323, 31.1257
08/22/2019, 31.8725, 97801, 31.945, 31.945, 31.6289
08/21/2019, 31.8412, 10706, 31.9029, 31.9412, 31.785
08/20/2019, 31.6367, 10927, 32.0698, 32.0698, 31.6367
08/19/2019, 32.0195, 19807, 31.7595, 32.0698, 31.7595
08/16/2019, 31.6303, 8223, 31.1861, 31.6672, 31.1861
08/15/2019, 31.1875, 10377, 31.032, 31.1875, 31.032
08/14/2019, 30.9013, 10751, 31.1173, 31.2253, 30.9013
08/13/2019, 31.3333, 7829, 31.1664, 31.3824, 31.1664
08/12/2019, 31.1697, 2217, 31.3137, 31.3138, 31.1676
08/09/2019, 31.3356, 3276, 31.3235, 31.3432, 31.1075
08/08/2019, 31.414, 5592, 31.137, 31.51, 31.1253
08/07/2019, 30.9269, 15105, 30.3023, 31.0696, 30.3023
08/06/2019, 30.6355, 4848, 30.3711, 30.712, 30.2414
08/05/2019, 30.224, 7041, 30.4398, 30.4398, 29.7132
08/02/2019, 30.8211, 12986, 30.9111, 30.9406, 30.7835
08/01/2019, 31.0634, 83727, 31.1861, 31.4021, 31.0634
07/31/2019, 31.1635, 5399, 31.5003, 31.5429, 31.1635
07/30/2019, 31.4583, 5001, 31.3432, 31.5494, 31.3432
07/29/2019, 31.3883, 5800, 31.4414, 31.5788, 31.3726
07/26/2019, 31.317, 6006, 31.1464, 31.3235, 31.1173
07/25/2019, 31.0774, 4403, 31.2842, 31.2842, 31.0557
07/24/2019, 31.2036, 10724, 31.1959, 31.2548, 30.97
07/23/2019, 31.1453, 7268, 30.9111, 31.1453, 30.8424
07/22/2019, 30.9215, 17236, 30.9307, 31.1467, 30.9013
07/19/2019, 31.0486, 7102, 31.6377, 31.6377, 30.9602
07/18/2019, 31.533, 7417, 31.2834, 31.6279, 31.2834
07/17/2019, 31.4283, 4556, 31.6181, 31.6279, 31.2548
07/16/2019, 31.5385, 8721, 31.2351, 31.6406, 31.2351
07/15/2019, 31.2926, 10067, 31.3235, 31.4512, 31.2715
07/12/2019, 31.3016, 3507, 31.3432, 31.3432, 31.132
07/11/2019, 31.548, 3575, 32.0109, 32.0109, 31.528
07/10/2019, 31.9118, 10544, 31.9814, 32.0547, 31.7929
07/09/2019, 31.7821, 5583, 31.461, 31.7821, 31.4507
07/08/2019, 31.4621, 3523, 31.5788, 31.5788, 31.4621
07/05/2019, 31.5186, 8005, 31.3923, 31.6279, 31.0094
07/03/2019, 31.5299, 5191, 31.2548, 31.5494, 31.2155
07/02/2019, 31.0826, 5508, 30.8326, 31.127, 30.8326
07/01/2019, 30.7539, 7812, 30.97, 30.97, 30.3455
06/28/2019, 30.6426, 5735, 30.43, 30.7039, 30.43
06/27/2019, 30.2649, 7945, 30.1059, 30.3416, 30.1059
06/26/2019, 30.0916, 10583, 30.6264, 30.6264, 29.9494
06/25/2019, 30.7077, 9679, 31.0617, 31.1708, 30.7077
06/24/2019, 30.9016, 7698, 30.9215, 31.0371, 30.7236
06/21/2019, 30.9578, 21277, 31.5292, 31.5292, 30.8725
06/20/2019, 31.5909, 10985, 31.5586, 31.6762, 31.5145
06/19/2019, 31.208, 8093, 30.9509, 31.2352, 30.7236
06/18/2019, 30.8642, 16207, 31.147, 31.245, 30.8137
06/17/2019, 30.7917, 5837, 30.5099, 30.8422, 30.4612
06/14/2019, 30.3905, 16200, 30.1963, 30.4413, 30.1963
06/13/2019, 30.2274, 4610, 30.0983, 30.2502, 30.0885
06/12/2019, 29.9639, 11032, 29.8925, 30.0395, 29.8386
06/11/2019, 29.7024, 3233, 29.9317, 29.9317, 29.5004
06/10/2019, 29.7256, 5394, 29.6376, 29.8141, 29.5886
06/07/2019, 29.7163, 10307, 29.7543, 29.8042, 29.716
06/06/2019, 29.5253, 7898, 29.4416, 29.5475, 29.1966
06/05/2019, 29.2797, 2919, 28.8242, 29.2797, 28.785
06/04/2019, 28.5231, 6429, 28.5858, 28.5858, 28.2753
06/03/2019, 28.6585, 5625, 28.3929, 28.6585, 28.3576
05/31/2019, 28.4022, 1044, 28.1087, 28.4403, 28.1087
05/30/2019, 28.3151, 10937, 28.3537, 28.4419, 28.2557
05/29/2019, 28.216, 5948, 28.785, 28.785, 28.146
05/28/2019, 28.7689, 9089, 29.0986, 29.0986, 28.7654
05/24/2019, 28.9203, 4032, 29.1157, 29.2063, 28.9203
05/23/2019, 28.8747, 3575, 28.9712, 28.9712, 28.8197
05/22/2019, 28.9923, 4584, 28.9217, 29.0094, 28.8732
05/21/2019, 28.937, 9564, 28.7752, 28.9614, 28.7516
05/20/2019, 28.5042, 3001, 28.834, 28.834, 28.5042
05/17/2019, 28.9547, 2745, 28.8634, 28.9614, 28.8634
05/16/2019, 28.9943, 1412, 28.9092, 29.0344, 28.9092
05/15/2019, 28.7701, 1776, 28.6184, 28.8536, 28.6184
05/14/2019, 28.5565, 4015, 28.5693, 28.5693, 28.4694
05/13/2019, 28.4244, 4172, 28.3268, 28.4244, 28.3268
05/10/2019, 28.551, 685, 28.5595, 28.6184, 28.551
05/09/2019, 28.359, 3113, 28.0891, 28.3745, 28.0675
05/08/2019, 28.2542, 6961, 28.5399, 28.5399, 28.2542
05/07/2019, 28.3154, 7403, 28.5987, 28.5987, 28.1871
05/06/2019, 28.9746, 10640, 28.834, 28.9908, 28.834
05/03/2019, 29.1095, 1549, 29.0594, 29.1476, 28.8438
05/02/2019, 28.8189, 5474, 29.1946, 29.1946, 28.7752
05/01/2019, 29.081, 8520, 28.9124, 29.3659, 28.9124
04/30/2019, 28.8843, 2714, 28.4811, 28.8843, 28.4811
04/29/2019, 28.553, 3171, 28.736, 28.736, 28.553
04/26/2019, 28.6708, 6491, 28.6509, 28.7177, 28.6182
04/25/2019, 28.5581, 103765, 28.4223, 28.5581, 28.4223
04/24/2019, 28.4642, 2454, 28.4223, 28.4909, 28.4223
04/23/2019, 28.1979, 1574, 28.0107, 28.2263, 28.0107
04/22/2019, 27.6752, 1643, 27.7559, 27.7559, 27.4423
04/18/2019, 27.9616, 2607, 27.8441, 28.0205, 27.8254
04/17/2019, 27.6733, 3539, 27.9323, 27.9323, 27.6393
04/16/2019, 27.8382, 3245, 28.1283, 28.1283, 27.8382
04/15/2019, 28.3537, 1791, 28.5693, 28.5693, 28.3144
04/12/2019, 28.6034, 3315, 28.3533, 28.6034, 28.3533
04/11/2019, 28.509, 3403, 28.5948, 28.5962, 28.4369
04/10/2019, 28.5249, 3344, 28.2975, 28.5399, 28.2975
04/09/2019, 28.0714, 2513, 28.2655, 28.2655, 28.0714
04/08/2019, 28.2909, 2103, 28.2702, 28.3145, 28.2702
04/05/2019, 28.4207, 1474, 28.3754, 28.4207, 28.2904
04/04/2019, 28.3051, 2537, 28.4223, 28.4223, 28.1722
04/03/2019, 28.3311, 958, 28.2722, 28.4615, 28.2722
04/02/2019, 28.3336, 528, 28.1914, 28.3336, 28.0793
04/01/2019, 28.2646, 2999, 28.1866, 28.2646, 27.9421
03/29/2019, 28.1491, 5889, 28.3145, 28.3145, 28.1491
03/28/2019, 28.3725, 1006, 28.3135, 28.3725, 28.2093
03/27/2019, 28.1196, 2645, 28.1479, 28.1959, 27.9597
03/26/2019, 28.2155, 3199, 28.0597, 28.2155, 28.0597
03/25/2019, 27.9249, 5357, 27.9368, 28.0206, 27.8889
03/22/2019, 27.9413, 7633, 28.3316, 28.373, 27.9413
03/21/2019, 28.2006, 5677, 28.0011, 28.2441, 28.0011
03/20/2019, 27.8257, 1259, 27.8155, 28.0497, 27.5869
03/19/2019, 27.7528, 2412, 27.8271, 27.8456, 27.7314
03/18/2019, 27.8395, 1759, 27.9914, 28.0691, 27.7678
03/15/2019, 27.8509, 559, 27.8377, 27.9817, 27.8377
03/14/2019, 27.88, 1826, 27.9136, 27.9224, 27.831
03/13/2019, 27.8669, 349, 27.9331, 27.9331, 27.8669
03/12/2019, 27.7039, 2095, 27.685, 27.8359, 27.685
03/11/2019, 27.5657, 2301, 27.2521, 27.5657, 27.204
03/08/2019, 27.0349, 908, 26.9903, 27.0349, 26.9154
03/07/2019, 26.8955, 3312, 27.1944, 27.2106, 26.8955
03/06/2019, 27.1178, 1734, 27.2576, 27.2576, 27.0729
03/05/2019, 27.3114, 2661, 27.2408, 27.4027, 27.2408
03/04/2019, 27.2705, 2183, 27.1944, 27.2722, 27.0567
03/01/2019, 27.1593, 2115, 27.3013, 27.3013, 26.864
02/28/2019, 27.3086, 2207, 27.2236, 27.5628, 27.2236
02/27/2019, 27.2232, 866, 27.2246, 27.2309, 27.2139
02/26/2019, 27.4506, 1438, 27.418, 27.4956, 27.4016
02/25/2019, 27.5395, 15561, 27.5117, 27.6594, 27.5054
02/22/2019, 27.5513, 1785, 27.5832, 27.6026, 27.5513
02/21/2019, 27.3265, 1481, 27.0681, 27.3305, 27.0681
02/20/2019, 27.1234, 782, 27.3985, 27.3985, 27.0389
02/19/2019, 27.3239, 2717, 27.2624, 27.3888, 27.2624
02/15/2019, 27.2477, 5839, 27.0972, 27.2624, 27.0972
02/14/2019, 27.1432, 3221, 27.0379, 27.2624, 27.0195
02/13/2019, 27.177, 50308, 27.175, 27.177, 27.1369
02/12/2019, 27.1653, 14853, 27.1236, 27.1944, 27.0696
02/11/2019, 27.2771, 6249, 27.2698, 27.3402, 27.196
02/08/2019, 27.1627, 2851, 27.2333, 27.3329, 27.1361
02/07/2019, 27.2092, 1580, 26.7934, 27.2092, 26.7934
02/06/2019, 26.8046, 7027, 26.7765, 26.8251, 26.7328
02/05/2019, 26.9746, 3772, 26.8114, 26.9746, 26.6798
02/04/2019, 26.897, 2000, 26.6161, 26.897, 26.5918
02/01/2019, 26.6751, 8759, 26.5724, 26.6751, 26.3197
01/31/2019, 26.674, 3291, 26.5335, 26.674, 26.5335
01/30/2019, 26.5559, 18657, 26.3877, 26.6404, 26.378
01/29/2019, 26.258, 202, 26.162, 26.258, 26.162
01/28/2019, 26.1059, 1487, 25.9105, 26.1059, 25.8687
01/25/2019, 25.8582, 459, 25.6588, 25.8582, 25.6588
01/24/2019, 25.4693, 1884, 25.4935, 25.6004, 25.4693
01/23/2019, 25.4679, 200, 25.4352, 25.4679, 25.4352
01/22/2019, 25.269, 1608, 25.3091, 25.3156, 25.2604
01/18/2019, 25.248, 181, 25.1728, 25.248, 25.1728
01/17/2019, 25.1651, 803, 24.993, 25.1651, 24.993
01/16/2019, 24.9476, 1151, 24.8424, 24.9476, 24.7845
01/15/2019, 24.7662, 930, 24.6674, 24.8472, 24.6674
01/14/2019, 24.5726, 1406, 24.579, 24.6577, 24.5294
01/11/2019, 24.5809, 315, 24.3857, 24.5809, 24.3857
01/10/2019, 24.448, 905, 24.093, 24.448, 24.0707
01/09/2019, 24.0991, 1151, 24.1308, 24.1308, 24.0065
01/08/2019, 24.0709, 151, 23.6917, 24.0709, 23.6917
01/07/2019, 23.443, 188, 23.1512, 23.443, 23.1512
01/04/2019, 23.1299, 550, 23.0831, 23.2095, 23.0831
01/03/2019, 22.7189, 752, 22.7138, 22.8885, 22.7138
01/02/2019, 22.7519, 101, 22.8498, 22.8498, 22.7519
12/31/2018, 23.3142, 246, 23.0735, 23.3142, 23.0735
12/28/2018, 23.1975, 1402, 23.3067, 23.3339, 23.1975
12/27/2018, 23.0863, 403, 22.8004, 23.0863, 22.7741
12/26/2018, 23.2188, 1300, 22.5342, 23.2188, 22.5342
12/24/2018, 22.4488, 276, 22.4806, 22.5059, 22.4488
12/21/2018, 23.4406, 407, 23.9258, 23.9258, 23.4406
12/20/2018, 23.6786, 140, 24.0063, 24.0063, 23.6786
12/19/2018, 24.0354, 400, 24.1963, 24.3507, 24.0354
12/18/2018, 24.3456, 694, 24.1093, 24.4279, 24.1093
12/17/2018, 24.0726, 1928, 24.8623, 24.8623, 24.0726
12/14/2018, 24.9108, 690, 24.8769, 24.9161, 24.8769
12/13/2018, 24.9042, 2110, 24.9189, 25.1134, 24.9042
12/12/2018, 24.7003, 827, 25.3548, 25.3548, 24.7003
12/11/2018, 25.2191, 4280, 25.3646, 25.3799, 25.2063
12/10/2018, 25.1279, 314, 25.0361, 25.2292, 25.0361
12/07/2018, 25.2486, 3303, 25.3791, 25.3791, 25.21
12/06/2018, 25.1076, 300, 24.5291, 25.1076, 24.5291
12/04/2018, 24.93, 380, 25.3452, 25.3452, 24.93
12/03/2018, 24.901, 3, 0, 0, 0
11/30/2018, 24.901, 2694, 24.9686, 24.9686, 24.8527
11/29/2018, 24.8334, 300, 24.8334, 24.8334, 24.8334
11/28/2018, 24.7852, 200, 24.7852, 24.7852, 24.7852
11/27/2018, 24.7225, 3989, 24.5438, 24.7225, 24.5438
11/26/2018, 24.6209, 8482, 24.7562, 24.7562, 24.5727
11/21/2018, 24.9181, 500, 24.8851, 24.9851, 24.8851
11/20/2018, 24.843, 1995, 25.029, 25.029, 24.843
11/19/2018, 24.9223, 12454, 24.9778, 24.9778, 24.8721
11/16/2018, 24.8624, 1345, 24.6789, 24.8624, 24.6789
11/15/2018, 24.5554, 1098, 24.5921, 24.5921, 24.5534
11/14/2018, 24.7465, 10619, 24.7658, 24.8238, 24.7176
11/13/2018, 24.5921, 7275, 24.619, 24.65, 24.5245
11/12/2018, 24.7562, 250, 24.7562, 24.7562, 24.7562
11/09/2018, 24.5808, 10512, 24.6886, 24.6886, 24.5286
11/08/2018, 24.5976, 320, 24.5976, 24.5976, 24.5976
11/07/2018, 24.4376, 250, 24.4376, 24.4376, 24.4376
11/06/2018, 24.1962, 590, 24.1657, 24.1962, 24.1657
11/05/2018, 24.0514, 420, 24.0802, 24.0802, 24.0514
11/02/2018, 23.7115, 1250, 23.8969, 23.8969, 23.7038
11/01/2018, 23.9548, 713, 24.0127, 24.0127, 23.9548
10/30/2018, 24.3092, 1740, 24.4376, 24.4665, 24.3092
10/29/2018, 24.1495, 1464, 24.2467, 24.2467, 24.1495
10/26/2018, 23.9287, 2529, 23.9548, 23.9548, 23.8722
10/25/2018, 24.3119, 2423, 24.1479, 24.3217, 24.1479
10/24/2018, 24.1088, 1397, 23.81, 24.1189, 23.81
10/23/2018, 23.501, 339, 23.501, 23.501, 23.501
10/22/2018, 23.7617, 5274, 23.7617, 23.7617, 23.7617
10/19/2018, 23.5686, 300, 23.5686, 23.5686, 23.5686
10/18/2018, 23.4913, 1265, 23.5879, 23.6748, 23.4913
10/17/2018, 23.5396, 3630, 23.6845, 23.6845, 23.4604
10/16/2018, 23.1244, 5380, 23.3272, 23.3272, 23.1244
10/12/2018, 22.9796, 3041, 23.2683, 23.2683, 22.9796
10/11/2018, 23.2007, 6339, 23.7128, 23.7128, 23.188
10/10/2018, 24.1189, 726, 24.1189, 24.1189, 24.1188
10/09/2018, 24.1168, 521, 24.062, 24.1168, 24.062
10/08/2018, 23.752, 4, 0, 0, 0
10/05/2018, 23.752, 874, 23.6956, 23.752, 23.6848
10/04/2018, 23.6371, 568, 23.4527, 23.6371, 23.4527
10/03/2018, 23.8872, 1391, 24.0707, 24.0707, 23.8872
10/02/2018, 23.9741, 100, 23.9741, 23.9741, 23.9741
10/01/2018, 23.9593, 17, 0, 0, 0
09/28/2018, 23.9593, 1, 0, 0, 0
09/27/2018, 23.9593, 303, 23.8872, 23.9593, 23.8872
09/26/2018, 24.0369, 733, 24.0514, 24.0514, 24.0369
09/25/2018, 24.1382, 379, 24.1382, 24.1382, 24.1382
09/20/2018, 24.4452, 132, 24.4452, 24.4452, 24.4452
09/19/2018, 24.3091, 474, 24.3091, 24.3091, 24.3091
09/17/2018, 24.5046, 5000, 0, 0, 0
09/14/2018, 24.5046, 290, 24.4979, 24.5046, 24.4979
09/13/2018, 24.6679, 681, 24.5919, 24.6826, 24.5919
09/12/2018, 24.4998, 488, 24.4816, 24.4998, 24.4503
09/11/2018, 24.539, 1100, 24.4594, 24.539, 24.4594
09/10/2018, 24.5007, 100, 24.5007, 24.5007, 24.5007
09/07/2018, 24.4241, 143, 24.4241, 24.4241, 24.4241
09/06/2018, 24.7372, 118, 24.7372, 24.7372, 24.7372
09/05/2018, 24.6827, 1302, 24.3356, 24.7114, 24.3356
09/04/2018, 24.4323, 1263, 24.771, 24.771, 24.4323
08/31/2018, 24.7574, 1157, 24.7306, 24.7593, 24.7306
08/30/2018, 24.7095, 5387, 24.7021, 24.721, 24.7021
08/29/2018, 24.832, 2797, 24.9126, 24.9126, 24.8191
08/28/2018, 24.539, 100, 24.539, 24.539, 24.539
08/27/2018, 24.4816, 2205, 24.472, 24.4911, 24.4539
08/24/2018, 24.5199, 1011, 24.3954, 24.5199, 24.3954
08/23/2018, 24.2996, 1300, 24.2926, 24.2996, 24.2764
08/22/2018, 24.3762, 972, 24.4337, 24.4337, 24.3553
08/21/2018, 24.8791, 310, 24.903, 24.903, 24.8791
08/20/2018, 25.0946, 1183, 25.0003, 25.1124, 25.0003
08/17/2018, 24.8599, 200, 24.8541, 24.8599, 24.8541
08/16/2018, 24.3341, 137, 0, 0, 0
08/15/2018, 24.3341, 200, 24.3471, 24.3471, 24.3341
08/14/2018, 24.2933, 200, 24.2821, 24.2933, 24.2821
08/13/2018, 24.2996, 284, 24.3762, 24.3762, 24.2996
08/10/2018, 24.3762, 300, 24.4624, 24.4624, 24.3762
08/09/2018, 24.4337, 100, 24.4337, 24.4337, 24.4337
08/07/2018, 24.4336, 1416, 24.4432, 24.4432, 24.4336
08/06/2018, 24.6731, 198, 24.6731, 24.6731, 24.6731
08/02/2018, 24.4144, 290, 24.4144, 24.4144, 24.4144
08/01/2018, 24.1846, 235, 24.1846, 24.1846, 24.1846
07/31/2018, 24.3857, 199, 24.3857, 24.3857, 24.3857
07/30/2018, 24.1751, 5000, 0, 0, 0
07/26/2018, 24.1751, 549, 24.1751, 24.1751, 24.1751
07/25/2018, 23.926, 3502, 23.8494, 23.926, 23.8207
07/24/2018, 23.7536, 11152, 23.7413, 23.7536, 23.7249
07/19/2018, 24.3762, 10505, 24.223, 24.3858, 24.1941
07/18/2018, 24.0314, 2401, 24.0601, 24.0601, 23.9059
07/17/2018, 24.352, 276, 24.472, 24.472, 24.352
07/16/2018, 24.5295, 901, 24.6147, 24.6147, 24.5057
07/13/2018, 24.8124, 508, 24.8166, 24.8166, 24.8124
07/12/2018, 24.7784, 1084, 24.7593, 24.814, 24.7593
07/11/2018, 24.7545, 726, 24.788, 24.788, 24.7545
07/10/2018, 24.7927, 292, 24.7927, 24.7927, 24.7927
07/09/2018, 24.7687, 2088, 24.7402, 24.7687, 24.6738
07/06/2018, 24.9796, 153, 24.9796, 24.9796, 24.9796
07/05/2018, 24.7707, 125, 24.7707, 24.7707, 24.7707
07/03/2018, 24.8264, 391, 24.8743, 24.8743, 24.8264
07/02/2018, 24.4549, 1388, 24.491, 24.491, 24.4528
06/29/2018, 24.7976, 353, 24.5773, 24.7976, 24.5773
06/28/2018, 24.6157, 113, 24.6157, 24.6157, 24.6157
06/27/2018, 24.5197, 659, 24.6157, 24.6157, 24.5007
06/26/2018, 24.5295, 400, 24.5534, 24.558, 24.5295
06/25/2018, 24.3193, 100, 24.3193, 24.3193, 24.3193
06/22/2018, 24.197, 895, 24.3856, 24.3856, 24.197
06/21/2018, 24.3194, 110, 24.3194, 24.3194, 24.3194
06/20/2018, 24.2466, 100, 24.2466, 24.2466, 24.2466
06/19/2018, 24.1755, 104, 24.1755, 24.1755, 24.1755
06/18/2018, 24.0131, 340, 24.0991, 24.0991, 24.0131
06/15/2018, 23.9949, 57, 0, 0, 0
06/13/2018, 23.9949, 100, 23.9949, 23.9949, 23.9949
06/12/2018, 24.39, 100, 24.39, 24.39, 24.39
06/11/2018, 24.2137, 997, 24.2901, 24.2901, 24.1659
06/08/2018, 24.2615, 105, 24.2615, 24.2615, 24.2615
06/07/2018, 24.2424, 105, 24.2424, 24.2424, 24.2424
06/06/2018, 24.3379, 100, 24.3379, 24.3379, 24.3379
06/05/2018, 24.2997, 1412, 24.3378, 24.3378, 24.2996
06/04/2018, 24.3188, 50500, 24.2615, 24.3188, 24.0991
06/01/2018, 24.1517, 100, 24.1517, 24.1517, 24.1517
05/31/2018, 23.9463, 4301, 23.9367, 24.0036, 23.9367
05/30/2018, 24.0991, 11800, 23.7743, 24.0991, 23.7743
05/29/2018, 23.7266, 6500, 23.6024, 23.7266, 23.6024
05/25/2018, 23.6788, 4300, 23.6884, 23.7361, 23.6788
05/24/2018, 23.5546, 100, 23.5546, 23.5546, 23.5546
05/23/2018, 23.6884, 12301, 23.44, 23.6884, 23.4114
05/22/2018, 23.3827, 1009, 23.3254, 23.3827, 23.3254
05/21/2018, 23.3827, 6000, 23.2776, 23.3827, 23.2776
05/18/2018, 23.1344, 2100, 23.2394, 23.2394, 23.1344
05/17/2018, 23.2324, 2101, 23.3349, 23.3349, 23.2324
05/16/2018, 23.3684, 2108, 23.4782, 23.4782, 23.3684
05/15/2018, 23.44, 104237, 23.5833, 23.5833, 23.44
